#{"t_start": 1554903955.9789991, "env_id": "Baxter-v0"}
r,l,t
-4.622209,11,139.045802
-11.341546,28,342.80457
-5.401101,17,486.174236
-7.304432,18,618.184137
-20.042652,38,813.386876
-17.818497,35,1039.068445
-11.733441,29,1213.334919
-6.509096,14,1322.082927
-12.583249,20,1447.461117
-8.470708,22,1594.251177
-10.764874,19,1729.429372
-8.970125,17,1827.664096
-12.715651,25,1988.645832
-10.427836,20,2115.854934
-12.652558,27,2289.84739
-0.501929,1,2300.414675
-7.403749,16,2420.320379
-10.696732,20,2552.719841
-7.903417,16,2653.928113
-11.098367,20,2790.712719
-4.534103,10,2872.924974
-18.078481,33,3026.696509
-9.550644,21,3169.634112
-4.498332,12,3261.933125
-7.045801,14,3355.576574
-4.705962,9,3433.035602
-14.074507,26,3573.026797
-0.535172,1,3585.920182
-25.550034,41,3832.17312
-7.15508,14,3934.560605
-3.643798,10,4015.892492
-8.096598,18,4139.120556
-15.628319,30,4318.285118
-6.167783,13,4414.819871
-4.224254,20,4548.358458
-6.680596,19,4671.455238
-8.359019,20,4801.084767
-0.339215,1,4810.737002
-10.070233,20,4938.192771
-14.535704,29,5118.969003
-5.409225,16,5227.762751
-3.420377,8,5301.539721
-0.37624,1,5314.599074
-0.331294,1,5321.766884
-6.177765,13,5417.717011
-14.058804,35,5633.151323
-20.33294,32,5813.924558
-0.676578,1,5828.545293
-5.160903,15,5937.541581
-5.290405,11,6026.469329
-5.518715,12,6118.815049
-7.356168,18,6241.246317
-14.145581,28,6407.640699
-10.442135,20,6543.111623
-12.303952,31,6732.556695
-8.100521,22,6884.287153
-3.407389,8,6956.422384
-3.228688,7,7022.05386
-13.985595,24,7169.609107
-64.376159,101,7330.428814
-10.704925,16,7355.967674
-5.072008,14,7461.038977
-5.377364,12,7556.183707
-6.34431,15,7657.339256
-5.902036,17,7776.726454
-6.845557,15,7884.072677
-4.697736,15,7989.860816
-6.093934,15,8099.51384
-18.756935,31,8277.283021
-3.620601,7,8345.324826
-7.184709,13,8448.771222
-7.722153,17,8568.304842
-5.853006,12,8660.583111
-0.46828,1,8672.062499
-12.147219,32,8869.792225
-5.881773,14,8976.801769
-0.355679,1,8989.459256
-7.047999,18,9114.502561
-4.230799,10,9200.143848
-7.292524,18,9322.439428
-8.498539,16,9436.913043
-0.587962,1,9449.3931
-6.488678,13,9548.13935
-4.277784,10,9628.335804
-11.489871,30,9813.514598
-6.516075,14,9917.660116
-5.522388,13,10015.584598
-9.051218,20,10145.605172
-5.718089,14,10249.569772
-6.898122,14,10355.279263
-3.558431,15,10465.698643
-5.024729,11,10552.879705
-11.055404,20,10688.798541
-8.842651,18,10813.469031
-6.692093,14,10916.803692
-0.472664,1,10927.419999
-4.81985,15,11030.610463
-5.90292,12,11119.750001
-22.221818,58,11309.192189
-4.479655,11,11392.514834
-7.822291,17,11513.439516
-7.239865,16,11624.740994
-7.91538,18,11750.254386
-6.130181,17,11865.431349
-5.714407,13,11957.403221
-16.382094,28,12099.974489
-3.20891,7,12166.942468
-3.99962,9,12241.763982
-6.31709,19,12369.092155
-7.679044,15,12476.490279
-4.494072,11,12563.292675
-5.643179,14,12667.193869
-6.398394,14,12755.563943
-5.44561,14,12857.480655
-5.547912,11,12944.564334
-8.165576,15,13054.279335
-4.574198,10,13130.900616
-4.985252,11,13218.911575
-5.141107,11,13308.317329
-0.417043,1,13319.35729
-6.567537,12,13407.578802
-5.046701,10,13485.966593
-10.909157,25,13645.765807
-3.178585,8,13716.594614
-6.325543,13,13815.8183
-5.615206,12,13909.122543
-3.639502,9,13985.371506
-6.316185,16,14104.809592
-7.491486,14,14207.093215
-3.723497,7,14273.539347
-5.16868,11,14359.294183
-5.129272,11,14445.946644
-4.093066,9,14521.739347
-10.1904,23,14673.444342
-4.727547,11,14758.402889
-5.441237,12,14853.623756
-5.276803,11,14943.763796
-4.624087,9,15020.19603
-6.399596,14,15125.539058
-0.492198,1,15136.601475
-4.888959,10,15223.798645
-4.855373,10,15309.954242
-3.295047,7,15361.451801
-3.901924,8,15434.88882
-5.057697,11,15526.608675
-4.121785,9,15606.773818
-3.128027,8,15680.552266
-6.783232,13,15778.24556
-0.518068,1,15792.760601
-3.657017,8,15867.126245
-3.324971,9,15946.470212
-4.861044,10,16032.807227
-0.412968,1,16043.956158
-0.361044,1,16051.710839
-4.062701,9,16131.021326
-3.439645,8,16204.841952
-6.043052,11,16294.304949
-3.783074,8,16367.855439
-3.664403,8,16440.625588
-0.400784,1,16453.079505
-0.379273,1,16461.177854
-3.934871,8,16533.455966
-3.308076,8,16606.115015
-4.330988,10,16689.001755
-4.659061,10,16774.961634
-4.665337,9,16857.844083
-0.512966,1,16870.167904
-0.487413,1,16879.604102
-4.429714,9,16961.246569
-4.43208,8,17038.02388
-4.04421,9,17117.689119
-3.804737,9,17195.647869
-4.124048,9,17272.92272
-4.791799,10,17355.87927
-4.006201,9,17436.721224
-5.253348,11,17523.511426
-3.207205,7,17593.395112
-0.428338,1,17606.418953
-4.126159,10,17688.303171
-3.375108,7,17756.011997
-4.65313,10,17841.44241
-4.478607,10,17925.994874
-4.247364,10,18008.257143
-4.020138,8,18080.867601
-4.150112,9,18145.69952
-5.200933,10,18229.998119
-3.950844,9,18308.26437
-3.171557,7,18376.974873
-5.962806,11,18463.902812
-4.480001,9,18545.175187
-2.814735,7,18611.072836
-3.534635,7,18677.154817
-3.203894,7,18745.232489
-4.603582,9,18808.755069
-0.553279,1,18823.238129
-2.291206,6,18884.878809
-2.633551,6,18948.438532
-4.923154,12,19039.03129
-3.260105,7,19105.602781
-3.96254,8,19177.355661
-3.052504,7,19246.250966
-3.169332,7,19312.193652
-3.291577,7,19380.68002
-2.75927,8,19452.363607
-3.892576,8,19524.989562
-4.364249,9,19603.792998
-3.082979,7,19674.038959
-0.460046,1,19685.07467
-3.964966,8,19756.803084
-3.717816,8,19832.686589
-4.40412,9,19914.65467
-3.191228,8,19987.920958
-3.355924,7,20056.990909
-3.051031,7,20126.9176
-5.234014,11,20200.941905
-3.148421,9,20280.335157
-3.222855,8,20355.935976
-3.291136,7,20425.701953
-0.498796,1,20438.332047
-4.050353,9,20516.698987
-2.641748,6,20581.892781
-3.293237,8,20654.299935
-5.504828,11,20743.126932
-3.202195,7,20809.236253
-3.70809,9,20885.817124
-2.979536,6,20948.422287
-4.112939,9,21026.869194
-4.577966,9,21102.224362
-3.377349,8,21175.556062
-3.747244,9,21252.964976
-2.641797,6,21318.835646
-2.641564,6,21383.859163
-3.1021,7,21449.302029
-3.396298,7,21516.362934
-2.644382,7,21582.318653
-3.592226,7,21650.6803
-3.245977,7,21717.824997
-2.593329,7,21769.929531
-3.112391,6,21832.699027
-3.226484,8,21905.738532
-0.310712,1,21916.098583
-0.265201,1,21923.50793
-2.290337,6,21983.025164
-2.808895,7,22047.208381
-3.409695,8,22120.946543
-3.137578,6,22181.929892
-3.89915,8,22253.158644
-2.799384,7,22321.588281
-3.693634,7,22388.406953
-2.819262,6,22448.435802
-3.753437,7,22515.518195
-3.964452,8,22586.800493
-2.982203,6,22648.736143
-2.808685,7,22716.610992
-2.930527,7,22782.829064
-2.758075,6,22830.529651
-50.79892,101,23347.721373
-1.986322,3,23368.935344
-2.622952,7,23435.345784
-2.455221,6,23498.039411
-3.137079,6,23559.949599
-0.499859,1,23571.877254
-2.869309,7,23638.542628
-2.454973,6,23700.970807
-3.202841,7,23768.991449
-2.47969,7,23833.292052
-0.273781,1,23842.874117
-3.055541,7,23912.126139
-3.170395,7,23981.996397
-2.827337,7,24052.66581
-2.651166,7,24122.077068
-2.676165,6,24184.54191
-2.426334,6,24247.351896
-2.700679,6,24309.553022
-2.923991,6,24369.857007
-2.732426,6,24430.541258
-0.42919,1,24441.998236
-2.454993,6,24505.652784
-3.745575,9,24585.699552
-3.340677,7,24655.057025
-2.479751,7,24722.973909
-2.676015,6,24786.222761
-2.604379,7,24852.52993
-2.597018,7,24919.376075
-2.454722,6,24981.74908
-2.640908,6,25045.979265
-3.933208,7,25114.708457
-2.479648,7,25181.03097
-2.479307,7,25246.896903
-3.377008,8,25321.414268
-2.981805,6,25384.565687
-2.732371,6,25445.594294
-2.615013,6,25508.510168
-2.289457,6,25570.486485
-2.64094,6,25633.462884
-2.650918,7,25701.900289
-2.454458,6,25763.28252
-2.520269,5,25819.15826
-3.332412,9,25898.227008
-0.260372,1,25909.188393
-3.075216,7,25975.614928
-2.452258,6,26039.466764
-2.450486,6,26101.76404
-2.819596,6,26148.763428
-2.211911,5,26206.198092
-2.792585,6,26268.299512
-2.420499,6,26332.277458
-0.334754,1,26343.086672
-2.624707,6,26407.741377
-2.211485,5,26464.970088
-2.296346,6,26525.696221
-2.296342,6,26587.101022
-2.817016,6,26649.693996
-1.570862,8,26752.134637
-2.409026,6,26814.953246
-2.624761,6,26877.828954
-1.777113,4,26930.186429
-2.379888,6,26994.649538
-2.777665,7,27062.961335
-2.026414,5,27118.904206
-0.373516,1,27130.61066
-2.850309,7,27198.11606
-2.026537,5,27255.606652
-2.239687,6,27317.84995
-2.239686,6,27379.751947
-2.542167,7,27449.243887
-2.239813,6,27509.779038
-0.304809,1,27520.125332
-2.379764,6,27583.133581
-2.624386,6,27645.375032
-2.239736,6,27707.377753
-0.304782,1,27717.584495
-0.267619,1,27724.193731
-3.715476,8,27797.514394
-2.239541,6,27859.707809
-2.408762,6,27924.089189
-2.181139,5,27983.270312
-2.857075,7,28052.725995
-0.334071,1,28063.065649
-2.026344,5,28120.738129
-2.766523,7,28190.906414
-1.776996,4,28243.277867
-2.379768,6,28307.198111
-2.421054,7,28374.622034
-2.598404,6,28439.202686
-2.026128,5,28495.328298
-2.026246,5,28552.609737
-2.026229,5,28609.524704
-2.026215,5,28666.602825
-2.026213,5,28722.888084
-2.239471,6,28784.756336
-2.38514,6,28847.617008
-2.02618,5,28905.507012
-2.180797,5,28964.730848
-1.777102,4,29016.39129
-2.180616,5,29074.532629
-2.260806,6,29136.52934
-2.026096,5,29193.80899
-2.239162,6,29255.28115
-2.697634,6,29303.451013
-2.769419,6,29362.950075
-2.870013,7,29432.89008
-2.025895,5,29490.066214
-0.347592,1,29500.846793
-2.026037,5,29557.45794
-2.028255,5,29599.756619
-2.654393,6,29662.36333
-1.776598,4,29714.263414
-2.025942,5,29770.604741
-2.025797,5,29826.422649
-2.238352,6,29887.277359
-2.919611,8,29957.334987
-2.048523,5,30012.727079
-2.176149,5,30070.734551
-2.023489,5,30128.225276
-2.344756,5,30186.464098
-1.774294,4,30238.827638
-2.176249,5,30296.963754
-2.023584,5,30354.407558
-2.023423,5,30409.414297
-2.02328,5,30466.583222
-2.023681,5,30523.003102
-2.023395,5,30578.082482
-2.237045,6,30638.749956
-2.561826,6,30700.810592
-2.048349,5,30756.575994
-2.023357,5,30813.359033
-2.17603,5,30870.685369
-2.344738,5,30928.062511
-1.774052,4,30983.759804
-1.774179,4,31035.628438
-1.774167,4,31086.510746
-2.403068,6,31148.479905
-2.344636,5,31206.209965
-0.466123,1,31220.110261
-2.023362,5,31278.387296
-2.344759,5,31335.687014
-1.773988,4,31386.140837
-2.023333,5,31442.873398
-1.773959,4,31495.095876
-2.023221,5,31550.454903
-1.774076,4,31601.266312
-2.176023,5,31657.793283
-2.023167,5,31713.637563
-1.774046,4,31765.426947
-2.967066,7,31834.617991
-2.175827,5,31893.652336
-2.175639,5,31950.815414
-2.023363,5,32007.594664
-2.023079,5,32063.816205
-2.023071,5,32121.115783
-2.175754,5,32178.611054
-1.773954,4,32230.519262
-1.774191,4,32283.29227
-2.560185,6,32345.143039
-1.774037,4,32396.030655
-2.175727,5,32454.809624
-2.023114,5,32511.368435
-2.023226,5,32568.316146
-2.175667,5,32625.506515
-1.773884,4,32677.521907
-1.773768,4,32729.431539
-2.031154,5,32770.967018
-1.773747,4,32820.555381
-1.773827,4,32869.755119
-2.023183,5,32926.570981
-2.415889,5,32982.284598
-2.022974,5,33039.482793
-2.175426,5,33095.388994
-1.773924,4,33145.118306
-2.022975,5,33200.791558
-1.77379,4,33253.06218
-2.023086,5,33309.062913
-2.022929,5,33365.885089
-1.77363,4,33416.690581
-2.022766,5,33474.113358
-1.773618,4,33525.862747
-2.17536,5,33582.602162
-2.022716,5,33637.442623
-2.343957,5,33694.290726
-2.022844,5,33750.750266
-1.773681,4,33801.841791
-2.175433,5,33859.195785
-2.236043,6,33918.948932
-1.773539,4,33969.291722
-2.022797,5,34023.759345
-1.773387,4,34074.215528
-1.773635,4,34125.960009
-2.173512,5,34182.480798
-2.022733,5,34237.872643
-1.773603,4,34287.92461
-2.022578,5,34342.694013
-1.773476,4,34393.446391
-1.773573,4,34445.774728
-1.782457,4,34482.540142
-1.773568,4,34533.545195
-2.18414,5,34575.514473
-2.079318,5,34631.618676
-2.0225,5,34688.903455
-1.773535,4,34741.981228
-1.773522,4,34794.773506
-2.343954,5,34851.986099
-1.773509,4,34903.009978
-2.180826,5,34959.861362
-2.022695,5,35015.408161
-2.047592,5,35070.449122
-2.022667,5,35125.230944
-1.773453,4,35175.850162
-1.773448,4,35224.264124
-1.782235,4,35258.553347
-1.773416,4,35303.753166
-1.773301,4,35352.763983
-1.773416,4,35403.267182
-2.022433,5,35460.932116
-1.777317,4,35497.459163
-1.773254,4,35549.837042
-1.773353,4,35601.088603
-1.773231,4,35653.86822
-0.438974,1,35667.151498
-1.773215,4,35717.635164
-1.773332,4,35769.076189
-1.782214,4,35804.5259
-1.773321,4,35855.882586
-2.022393,5,35912.718786
-2.022222,5,35969.676084
-1.773429,4,36020.841999
-1.773295,4,36069.836653
-0.438899,1,36082.224091
-1.773406,4,36133.054374
-1.773136,4,36183.751003
-2.079109,5,36238.629732
-2.022282,5,36293.131397
-2.022271,5,36348.491552
-1.773237,4,36403.927409
-2.022259,5,36460.00052
-1.773098,4,36512.889396
-1.773094,4,36564.171005
-1.773215,4,36615.752803
-1.773066,4,36667.643819
-1.773196,4,36719.310645
-1.773196,4,36772.421828
-1.773063,4,36823.627239
-1.773156,4,36876.206422
-1.77327,4,36929.238072
-0.439017,1,36941.719655
-2.343357,5,36999.612405
-1.773015,4,37052.154189
-1.773237,4,37104.996499
-2.180752,5,37148.669883
-2.476049,5,37205.459717
-1.773086,4,37255.932671
-1.7732,4,37308.724447
-1.773098,4,37361.666533
-1.77308,4,37412.528681
-1.773072,4,37463.761943
-1.772923,4,37515.464162
-1.773047,4,37567.801436
-1.773025,4,37619.478442
-1.773155,4,37671.751018
-0.438855,1,37684.302465
-1.773031,4,37736.993929
-1.772996,4,37788.477086
-0.391314,1,37799.004794
-2.475939,5,37854.851678
-1.773124,4,37906.232921
-1.772979,4,37958.421204
-2.307304,5,38015.446446
-1.772953,4,38068.149331
-2.022024,5,38125.305287
-1.776935,4,38161.998931
-1.77292,4,38216.629995
-1.772917,4,38269.698651
-1.772794,4,38321.653684
-1.773024,4,38376.685011
-1.772905,4,38429.589516
-2.174735,5,38489.031138
-1.772863,4,38542.610284
-1.772864,4,38595.41199
-1.772849,4,38649.31875
-1.772732,4,38700.678189
-1.772978,4,38753.094764
-1.77282,4,38805.667101
-1.772836,4,38858.236884
-0.43872,1,38870.959311
-1.772693,4,38922.686665
-1.772812,4,38972.484077
-1.772787,4,39024.570021
-2.180136,5,39082.928453
-0.421546,1,39095.348981
-1.773008,4,39146.77836
-1.772643,4,39198.577906
-1.772761,4,39251.424191
-1.772636,4,39302.405503
-1.772609,4,39354.513618
-0.438732,1,39367.307425
-1.772588,4,39420.723008
-1.772473,4,39473.738838
-1.772599,4,39526.704212
-2.303658,5,39584.503255
-1.786602,4,39621.755849
-1.782079,4,39659.410441
-2.02153,5,39718.264814
-1.772667,4,39770.986275
-1.781519,4,39807.226732
-1.772649,4,39859.859606
-1.772534,4,39910.443272
-1.772507,4,39962.516061
-1.772639,4,40013.89596
-1.772614,4,40065.901676
-1.772478,4,40117.971051
-1.772718,4,40170.359499
-1.77259,4,40223.426459
-1.772567,4,40275.450354
-1.772584,4,40326.781247
-1.772684,4,40378.079963
-1.772557,4,40429.798586
-1.772544,4,40479.698606
-1.772646,4,40530.441912
-1.772405,4,40581.180678
-2.275334,5,40638.944348
-1.772382,4,40691.634848
-0.438879,1,40704.64662
-2.116652,5,40760.336984
-1.772352,4,40812.066478
-1.772345,4,40864.652103
-1.772579,4,40916.244477
-1.772575,4,40967.097126
-1.772346,4,41017.009897
-2.275557,5,41075.218269
-1.772563,4,41126.779104
-1.772414,4,41178.633113
-1.772434,4,41229.704334
-2.077978,5,41287.073839
-0.393654,1,41300.380781
-1.77241,4,41351.375327
-0.438665,1,41364.249786
-1.772383,4,41415.717495
-1.772378,4,41467.671165
-1.77237,4,41519.001426
-1.772358,4,41570.647679
-1.772478,4,41622.30139
-0.438785,1,41635.466611
-1.772212,4,41686.906246
-1.772202,4,41739.042268
-1.772192,4,41791.579597
-1.772299,4,41842.84758
-1.781235,4,41878.593374
-1.772293,4,41930.228713
-1.772275,4,41982.26581
-1.772174,4,42033.617701
-1.772132,4,42085.08902
-1.772371,4,42136.260523
-1.772123,4,42187.966162
-1.772364,4,42239.41873
-1.772099,4,42289.7746
-1.781223,4,42326.794249
-1.772207,4,42377.921913
-1.772313,4,42428.885532
-1.772081,4,42478.600437
-1.772201,4,42528.925233
-1.772191,4,42578.617236
-1.772047,4,42629.769343
-0.438648,1,42642.307363
-1.772282,4,42692.695181
-1.772032,4,42743.282382
-1.772133,4,42793.139286
-1.772117,4,42843.045175
-2.045849,5,42898.824509
-1.772114,4,42949.188312
-1.771988,4,43001.120595
-2.173528,5,43058.679874
-1.771964,4,43109.799819
-1.772086,4,43160.426639
-1.772081,4,43211.787753
-1.771795,4,43261.615264
-1.780899,4,43299.045874
-1.772059,4,43349.731524
-1.772031,4,43399.900978
-1.772129,4,43450.709172
-1.772133,4,43501.17135
-1.772012,4,43552.785491
-1.771862,4,43603.282046
-1.771858,4,43654.494408
-1.77196,4,43704.199023
-1.77197,4,43754.529502
-1.772085,4,43806.80179
-1.771825,4,43857.490654
-1.780534,4,43895.205353
-1.77194,4,43946.683058
-0.438767,1,43959.714969
-1.780859,4,43996.017252
-1.77179,4,44047.034734
-1.771665,4,44097.519239
-1.78076,4,44134.581341
-1.771885,4,44186.421172
-1.77162,4,44237.25864
-1.77176,4,44288.992598
-1.771969,4,44340.144824
-1.77185,4,44393.101524
-1.771836,4,44444.65827
-1.771823,4,44496.026679
-1.771697,4,44546.205629
-1.771808,4,44596.090449
-1.771683,4,44647.44604
-1.771792,4,44699.905111
-1.771778,4,44751.984752
-1.780636,4,44788.664333
-1.771894,4,44839.614793
-1.771759,4,44891.601495
-1.771751,4,44943.631727
-1.771742,4,44994.46219
-1.771728,4,45046.300727
-1.771591,4,45096.31658
-1.77078,4,45146.410948
-1.77067,4,45197.77483
-1.770653,4,45249.962765
-1.770638,4,45301.33525
-1.770645,4,45353.234305
-1.770617,4,45404.520391
-1.770758,4,45453.96705
-1.770615,4,45504.250558
-1.770731,4,45555.141566
-1.770585,4,45606.870841
-1.770697,4,45658.838675
-1.779549,4,45696.497885
-1.770683,4,45747.960508
-1.770693,4,45799.979404
-1.770559,4,45853.171817
-1.77055,4,45905.419833
-1.770427,4,45957.236181
-1.770652,4,46008.988369
-1.770761,4,46062.317296
-1.770618,4,46113.944037
-1.770608,4,46164.449629
-1.770711,4,46216.794738
-1.770618,4,46268.86617
-1.770609,4,46320.895928
-1.770455,4,46372.183246
-1.770587,4,46423.413873
-0.438289,1,46436.712575
-1.770444,4,46487.740109
-1.770451,4,46540.837672
-1.770559,4,46591.848987
-1.770433,4,46641.897522
-1.770544,4,46693.928755
-1.770543,4,46745.192615
-1.770536,4,46796.289417
-1.77054,4,46846.79495
-1.770367,4,46897.025462
-1.770485,4,46946.554958
-1.770621,4,46997.582505
-1.770481,4,47049.618934
-1.77048,4,47100.857411
-1.770591,4,47151.498231
-1.77046,4,47201.434566
-1.770331,4,47252.323065
-1.770428,4,47302.785452
-1.770424,4,47352.41643
-1.770427,4,47404.94534
-1.770412,4,47456.822134
-1.770391,4,47507.418104
-1.770249,4,47557.172236
-1.770378,4,47608.886732
-1.77024,4,47660.027316
-0.438231,1,47673.340817
-1.770231,4,47724.26982
-1.770484,4,47774.450989
-1.770213,4,47824.832206
-1.770446,4,47877.031778
-1.770449,4,47928.919168
-1.770209,4,47981.145272
-1.770293,4,48034.488794
-2.171143,5,48091.754642
-1.770164,4,48143.86008
-1.770152,4,48196.264553
-1.770139,4,48248.420532
-1.770125,4,48300.042952
-1.770131,4,48351.957755
-1.770234,4,48404.018672
-1.770349,4,48454.526505
-1.770234,4,48507.287808
-1.770222,4,48558.312859
-1.770089,4,48609.860506
-1.770323,4,48660.823307
-1.770166,4,48712.088116
-1.77018,4,48763.440521
-0.438251,1,48776.529581
-1.770171,4,48828.29338
-1.770264,4,48879.888129
-1.77028,4,48930.385595
-1.778865,4,48967.460402
-1.770007,4,49018.7683
-1.769998,4,49071.181325
-0.438226,1,49084.101763
-1.770071,4,49136.573205
-1.769978,4,49188.219111
-1.770082,4,49241.345475
-1.770075,4,49294.194175
-1.769955,4,49346.020987
-1.770049,4,49398.22666
-1.770065,4,49451.519633
-1.778901,4,49489.087567
-1.770162,4,49541.841933
-1.77003,4,49599.250451
-1.770015,4,49652.926618
-1.778829,4,49690.80083
-1.769888,4,49743.559226
-1.769882,4,49796.166836
-1.769868,4,49848.469796
-1.769867,4,49900.274407
-1.769954,4,49952.393012
-1.769823,4,50004.425087
-1.769963,4,50057.841704
-1.769949,4,50110.123027
-1.769949,4,50162.382514
-1.769919,4,50214.739916
-0.438119,1,50227.705858
-0.447848,1,50242.688253
-1.769913,4,50295.086793
-1.778854,4,50332.705807
-0.442688,1,50345.861081
-1.769908,4,50397.141872
-1.770023,4,50449.752533
-1.778791,4,50487.129449
-0.442616,1,50500.866901
-1.769743,4,50552.651335
-1.769886,4,50603.493541
-1.769736,4,50655.935077
-1.769826,4,50708.005845
-1.769842,4,50761.056358
-1.769945,4,50814.163031
-1.769828,4,50865.361496
-1.769818,4,50917.072609
-1.769788,4,50968.992589
-1.778668,4,51006.512786
-1.769774,4,51057.772049
-2.300124,5,51115.108996
-1.769757,4,51167.325243
-1.769767,4,51219.708416
-1.769606,4,51273.037119
-1.76973,4,51324.869792
-1.769843,4,51376.298185
-1.769618,4,51428.034718
-1.769728,4,51480.574226
-1.769573,4,51533.79959
-1.769595,4,51586.765794
-1.769567,4,51637.870871
-0.437901,1,51651.21467
-1.769589,4,51704.070689
-1.769804,4,51755.87306
-1.769645,4,51807.397501
-1.769526,4,51859.988843
-1.769635,4,51912.435128
-0.437816,1,51925.238977
-1.769755,4,51977.799952
-1.769636,4,52029.193173
-0.438164,1,52041.774676
-1.769605,4,52092.516953
-0.438091,1,52105.29981
-1.769618,4,52157.515306
-1.778327,4,52194.797691
-1.769581,4,52246.761116
-1.778485,4,52282.63083
-1.769443,4,52334.113914
-0.438122,1,52347.130961
-1.769692,4,52399.821918
-1.769541,4,52452.912757
-1.76968,4,52506.407089
-1.769669,4,52559.038312
-1.769652,4,52610.206375
-1.769405,4,52661.982777
-1.769373,4,52714.339445
-1.76963,4,52766.981142
-1.769247,4,52819.244623
-1.769499,4,52869.875083
-1.769461,4,52923.629805
-1.769486,4,52976.556204
-1.769719,4,53028.926054
-1.769452,4,53081.274797
-1.769426,4,53131.955346
-0.438035,1,53144.606508
-1.769445,4,53196.414879
-1.769439,4,53247.397878
-1.769285,4,53299.073313
-0.437796,1,53312.540759
-1.769398,4,53365.657514
-0.438185,1,53378.26501
-1.769276,4,53429.90804
-1.769488,4,53482.37505
-1.769363,4,53535.194548
-1.778177,4,53572.356513
-1.769471,4,53624.968744
-1.769363,4,53676.641163
-1.769342,4,53728.094147
-1.769318,4,53780.04956
-1.769316,4,53832.34451
-1.769198,4,53885.614462
-1.769169,4,53937.431222
-1.769404,4,53988.42221
-0.438031,1,54001.115835
-0.447478,1,54015.40856
-1.769281,4,54065.701923
-1.769373,4,54117.479082
-1.769158,4,54168.510287
-1.769252,4,54219.89376
-2.042368,5,54275.860815
-1.769118,4,54327.153743
-1.769224,4,54377.735679
-1.769069,4,54427.789341
-1.767058,4,54479.292363
-1.767075,4,54532.219081
-1.766935,4,54583.200228
-1.767135,4,54633.646171
-1.767003,4,54683.620911
-1.767022,4,54735.481586
-1.767106,4,54787.120037
-1.764959,4,54837.676498
-1.765335,4,54888.894662
-1.765097,4,54941.128051
-1.765189,4,54993.268692
-1.765171,4,55044.219941
-1.765065,4,55095.649024
-1.7654,4,55147.197049
-1.773884,4,55183.623835
-1.765147,4,55235.867173
-1.765134,4,55287.674772
-1.765265,4,55338.618197
-1.76513,4,55391.306839
-0.437146,1,55404.954458
-1.765241,4,55456.421947
-1.765114,4,55507.209222
-1.76278,4,55557.934982
-1.762775,4,55609.256616
-1.762653,4,55660.838976
-1.762625,4,55712.651436
-1.762475,4,55764.142538
-1.762743,4,55814.4544
-1.762605,4,55865.700029
-1.762578,4,55917.022692
-1.762313,4,55968.925341
-1.762554,4,56021.330263
-1.762644,4,56074.296432
-1.76254,4,56125.269809
-1.762549,4,56178.176209
-1.762399,4,56231.537713
-2.105312,5,56288.033073
-0.39375,1,56300.385318
-1.7626,4,56351.944694
-1.762487,4,56404.042248
-1.76246,4,56455.156887
-1.76258,4,56509.209848
-1.762298,4,56562.4844
-1.762309,4,56614.909791
-1.762284,4,56668.408028
-1.762403,4,56720.656703
-1.762394,4,56773.387417
-1.76225,4,56825.180616
-1.762228,4,56876.753185
-1.762355,4,56928.134956
-1.762239,4,56980.899004
-1.762337,4,57033.322811
-1.762438,4,57084.559359
-1.762318,4,57135.413842
-1.76233,4,57188.586927
-1.762042,4,57242.208373
-1.761427,4,57292.455424
-1.761534,4,57342.755851
-1.761393,4,57393.318177
-1.761503,4,57444.602492
-1.761515,4,57497.002661
-1.761509,4,57547.968698
-1.761611,4,57599.325136
-1.761464,4,57649.642787
-0.436494,1,57662.044942
-1.761475,4,57712.388678
-1.761437,4,57764.366315
-1.761318,4,57816.630035
-1.761307,4,57871.093987
-1.761435,4,57921.766647
-0.436534,1,57934.722735
-1.761401,4,57986.962095
-1.76126,4,58037.72085
-0.43654,1,58050.800591
-1.761131,4,58101.710552
-1.761369,4,58152.153974
-0.436557,1,58164.414486
-1.761373,4,58215.151316
-0.43644,1,58227.444051
-2.300005,5,58269.346442
-1.761234,4,58320.749412
-1.76119,4,58372.013515
-1.760837,4,58422.21938
-1.760946,4,58473.615625
-1.760926,4,58524.875735
-1.760926,4,58575.991239
-1.760816,4,58627.664924
-1.760898,4,58679.118003
-1.760915,4,58729.748229
-1.769625,4,58765.65288
-1.760871,4,58816.607021
-0.436449,1,58828.966097
-1.760773,4,58881.370656
-1.76064,4,58933.109497
-1.760739,4,58982.771448
-1.76086,4,59033.794039
-1.760618,4,59083.384001
-1.760623,4,59133.297889
-1.760724,4,59183.495518
-1.760589,4,59234.297457
-1.760582,4,59284.407674
-1.760704,4,59335.408429
-1.760568,4,59385.060852
-1.760817,4,59437.527323
-1.769534,4,59474.754521
-1.760537,4,59525.536771
-1.760644,4,59576.276972
-1.760531,4,59627.392129
-1.760633,4,59678.024975
-0.436558,1,59690.919265
-1.760516,4,59742.308394
-1.760731,4,59794.980373
-1.760474,4,59845.339025
-0.436246,1,59858.427872
-1.760584,4,59907.810534
-1.760595,4,59958.822624
-1.760572,4,60008.373896
-1.76059,4,60059.351207
-1.760464,4,60110.57723
-1.760437,4,60162.330552
-1.769166,4,60199.054142
-1.760356,4,60249.576098
-1.760289,4,60300.06086
-1.760253,4,60350.450029
-0.436571,1,60363.318304
-1.760248,4,60413.932374
-1.76038,4,60464.514
-1.760477,4,60515.350518
-0.43657,1,60527.862114
-1.760234,4,60578.775832
-1.760219,4,60630.079283
-1.760318,4,60681.574016
-1.760201,4,60733.141023
-1.760302,4,60782.71077
-1.769254,4,60818.933957
-1.760807,4,60870.55871
-0.436669,1,60883.104404
-1.760666,4,60933.006543
-1.760566,4,60985.567509
-1.760653,4,61041.082977
-1.760415,4,61092.013614
-1.760638,4,61147.757133
-1.760935,4,61200.291399
-1.760932,4,61252.428754
-1.760925,4,61301.895823
-1.76094,4,61352.07754
-1.760836,4,61403.312264
-1.760952,4,61452.972462
-1.760936,4,61503.329818
-1.760795,4,61560.028274
-1.761039,4,61618.339022
-1.760918,4,61667.993698
-1.760657,4,61718.564892
-1.760897,4,61768.307359
-1.760801,4,61817.492692
-1.760782,4,61867.484612
-1.760954,4,61917.457338
-1.760943,4,61967.63554
-1.76104,4,62015.901418
-1.760954,4,62065.278675
-1.760934,4,62114.891549
-1.760813,4,62164.813578
-1.760821,4,62214.82268
-1.761042,4,62264.443777
-1.760789,4,62313.755606
-1.76102,4,62365.000098
-1.760894,4,62414.322382
-1.760913,4,62464.341964
-1.761027,4,62515.428491
-1.760993,4,62565.935627
-1.760886,4,62616.899903
-1.760756,4,62668.922885
-1.761476,4,62720.834022
-1.761452,4,62772.520362
-1.761581,4,62823.170101
-1.761481,4,62873.852616
-1.761461,4,62927.067895
-1.761526,4,62984.960541
-0.437283,1,62997.376737
-1.762173,4,63048.280552
-1.762089,4,63100.923314
-1.762336,4,63152.853106
-1.762087,4,63202.748382
-1.761972,4,63253.014882
-1.762205,4,63303.975325
-1.762083,4,63355.440524
-1.762172,4,63407.132234
-0.437237,1,63419.626705
-1.762197,4,63470.044289
-1.76216,4,63520.082865
-1.762064,4,63569.802118
-1.762041,4,63621.043508
-1.762149,4,63672.219828
-1.762167,4,63723.017529
-1.762135,4,63773.038616
-1.770955,4,63808.502462
-1.762125,4,63858.505866
-1.762124,4,63909.326837
-1.762122,4,63959.737031
-1.762124,4,64010.179233
-1.762019,4,64060.377496
-1.763275,4,64110.664973
-1.764091,4,64160.500005
-1.763881,4,64210.463903
-1.76511,4,64261.776553
-1.76509,4,64311.637902
-1.764989,4,64362.55799
-1.765,4,64412.277616
-1.765095,4,64462.545722
-1.765111,4,64512.120999
-1.765728,4,64561.808774
-1.765508,4,64611.750944
-1.765623,4,64662.504989
-1.765649,4,64712.928427
-1.765639,4,64763.619513
-1.765618,4,64812.866477
-1.765626,4,64863.218487
-1.774371,4,64899.584939
-1.765745,4,64949.993323
-1.765593,4,64998.416916
-1.76573,4,65050.148379
-1.765651,4,65098.590872
-0.43849,1,65110.164226
-1.765859,4,65157.413444
-0.438546,1,65169.158602
-1.765868,4,65219.000176
-1.765829,4,65266.871281
-1.765838,4,65314.17106
-1.314866,6,65395.24265
-1.759861,4,65431.409474
-1.765858,4,65480.043283
-0.438414,1,65491.836054
-1.765918,4,65536.881791
-1.766104,4,65584.382881
-1.766027,4,65631.069286
-1.766285,4,65680.534739
-1.76616,4,65729.963553
-1.766041,4,65781.581502
-1.76626,4,65835.78269
-1.766138,4,65887.392183
-1.766254,4,65937.762036
-0.438559,1,65950.032693
-1.766152,4,66001.691626
-1.766061,4,66053.878941
-1.766057,4,66106.738948
-1.766041,4,66158.020872
-1.766141,4,66210.718141
-1.766161,4,66262.411335
-1.766036,4,66315.264529
-1.766041,4,66367.578814
-1.766143,4,66419.224936
-1.766246,4,66470.545774
-0.438871,1,66483.731136
-1.766157,4,66535.887238
-1.76617,4,66586.837138
-0.438563,1,66599.548532
-1.766166,4,66651.294262
-1.766015,4,66703.798877
-1.774899,4,66741.101876
-1.766036,4,66792.244963
-0.438419,1,66804.810649
-1.766006,4,66858.263672
-1.766269,4,66911.760973
-0.43852,1,66925.37255
-1.766031,4,66977.728103
-1.766146,4,67029.969746
-1.766145,4,67082.359728
-1.766117,4,67133.394304
-1.766174,4,67182.335745
-1.766113,4,67231.937485
-1.766283,4,67280.755819
-1.766235,4,67326.923477
-1.766261,4,67376.894705
-1.766394,4,67428.598705
-0.438723,1,67440.809692
-1.766399,4,67492.915395
-1.766402,4,67541.868156
-1.766402,4,67592.078969
-0.438612,1,67605.000717
-1.775976,4,67639.366653
-1.766442,4,67686.593465
-1.766454,4,67738.04872
-1.766581,4,67795.74498
-1.766471,4,67847.415067
-1.766325,4,67897.76859
-1.766457,4,67947.462024
-1.766421,4,67997.526949
-1.76632,4,68048.628528
-1.766463,4,68098.603299
-1.766613,4,68146.434402
-1.76651,4,68196.446737
-1.766384,4,68248.541404
-1.766616,4,68300.732703
-1.766484,4,68351.739537
-1.766347,4,68402.14552
-1.766482,4,68453.669195
-1.76661,4,68504.302723
-1.766478,4,68554.346281
-1.766599,4,68604.084818
-1.766469,4,68655.998189
-0.438661,1,68668.590568
-1.766237,4,68719.721259
-1.766374,4,68769.755502
-1.766358,4,68820.200525
-1.766493,4,68868.491693
-0.43871,1,68879.708181
-1.766518,4,68926.019648
-1.766558,4,68972.141854
-1.766484,4,69021.056745
-1.766514,4,69068.52875
-1.766424,4,69115.771557
-1.766709,4,69163.157949
-1.76673,4,69209.998652
-1.766838,4,69260.676854
-1.766706,4,69312.227911
-0.438668,1,69324.756991
-1.766851,4,69371.014053
-1.766787,4,69418.185958
-1.767039,4,69465.850106
-1.766817,4,69516.054526
-1.76679,4,69566.478045
-1.766797,4,69616.242032
-1.766789,4,69667.338667
-0.438689,1,69680.771897
-1.766681,4,69732.245757
-1.766775,4,69781.890913
-1.766782,4,69832.555314
-1.766884,4,69883.602229
-1.766877,4,69935.680069
-1.766668,4,69985.968884
-1.766774,4,70037.251423
-1.766779,4,70087.162445
-1.766774,4,70139.963748
-1.766745,4,70191.783185
-1.766649,4,70242.799894
-1.766631,4,70293.835508
-1.766626,4,70344.692944
-1.77542,4,70381.284976
-1.766755,4,70432.296515
-1.766864,4,70484.247934
-1.766612,4,70535.363622
-1.775391,4,70570.674866
-1.766624,4,70622.795372
-1.766715,4,70673.964158
-1.766594,4,70726.907825
-0.438713,1,70739.94066
-1.766712,4,70792.17184
-1.766711,4,70845.61204
-1.766712,4,70897.198974
-1.766715,4,70949.99503
-1.766596,4,71000.694653
-1.766703,4,71051.462668
-0.438523,1,71064.221247
-1.766814,4,71115.890029
-1.766845,4,71168.506624
-1.766702,4,71221.399149
-1.766572,4,71274.570659
-0.438388,1,71287.742785
-0.451478,1,71301.866882
-1.766587,4,71353.85886
-1.766599,4,71406.602829
-1.766698,4,71460.401495
-1.766693,4,71512.231195
-1.766673,4,71563.608689
-0.438605,1,71576.145988
-1.766782,4,71627.542558
-1.766667,4,71678.352614
-1.766648,4,71730.497142
-1.766664,4,71781.717761
-0.438741,1,71794.929319
-1.766674,4,71846.829583
-1.766533,4,71897.450065
-1.766784,4,71952.048314
-1.766418,4,72008.00389
-1.766633,4,72060.745503
-1.766659,4,72111.726657
-0.438519,1,72123.794735
-1.766513,4,72175.998405
-1.76651,4,72228.535009
-1.766632,4,72281.29823
-1.766767,4,72332.681336
-1.766614,4,72384.429503
-1.766658,4,72435.568984
-0.43871,1,72448.262927
-1.766633,4,72499.517866
-1.766637,4,72551.003335
-1.766744,4,72602.167868
-1.766622,4,72653.090932
-1.766628,4,72704.161606
-1.766609,4,72756.143742
-1.766518,4,72809.470846
-1.766519,4,72861.55514
-1.76651,4,72912.785667
-1.766514,4,72963.602466
-1.766598,4,73015.289263
-1.766715,4,73068.91903
-1.76673,4,73121.04741
-1.766481,4,73172.365609
-1.76661,4,73225.087004
-1.7666,4,73276.594774
-1.766471,4,73329.978243
-1.766714,4,73382.632881
-1.766723,4,73433.24918
-1.766612,4,73485.261354
-1.766608,4,73536.609426
-1.766608,4,73588.502883
-1.766583,4,73640.350869
-1.76658,4,73692.335066
-1.766589,4,73746.350891
-1.766591,4,73798.051993
-1.766597,4,73848.638303
-1.766479,4,73901.13868
-0.438535,1,73914.184744
-1.766573,4,73967.135667
-1.775181,4,74005.45438
-1.76658,4,74057.314004
-1.766577,4,74108.460999
-1.766705,4,74161.97864
-1.766453,4,74213.393738
-1.766561,4,74263.226254
-1.766564,4,74315.101435
-1.766693,4,74367.468724
-1.766441,4,74420.216601
-1.76658,4,74473.835343
-1.766691,4,74526.868521
-1.766351,4,74577.597247
-1.76646,4,74629.814295
-1.767787,4,74681.655347
-1.767774,4,74734.299707
-0.438929,1,74747.856858
-1.767776,4,74799.783696
-1.767677,4,74852.871939
-1.76782,4,74905.901273
-1.776562,4,74942.834795
-1.767825,4,74993.338463
-1.768016,4,75043.109853
-1.76783,4,75095.50917
-1.767831,4,75148.104843
-1.768049,4,75199.17069
-1.767936,4,75249.122824
-1.767825,4,75301.665653
-1.767818,4,75353.360392
-0.439032,1,75366.224727
-1.768045,4,75417.401186
-1.767923,4,75467.739024
-1.767825,4,75519.515034
-1.767969,4,75568.92833
-1.768082,4,75619.910705
-1.767954,4,75671.395575
-1.767954,4,75722.776392
-1.76796,4,75772.961696
-1.76784,4,75823.100178
-0.438864,1,75835.732309
-1.767959,4,75886.704796
-1.767892,4,75934.74934
-1.768027,4,75985.771511
-1.768106,4,76037.584311
-1.768129,4,76086.782236
-1.76802,4,76136.934401
-1.768055,4,76186.040119
-0.439026,1,76199.010967
-1.767805,4,76251.752632
-1.768057,4,76303.264672
-1.768166,4,76355.440701
-1.776605,4,76391.857709
-1.768036,4,76442.534377
-1.767934,4,76493.610802
-0.439089,1,76507.039467
-1.768065,4,76556.287437
-1.76813,4,76604.46552
-1.768309,4,76653.178019
-1.768205,4,76702.189813
-1.768104,4,76753.890773
-0.438952,1,76766.778937
-1.768244,4,76818.345567
-1.768217,4,76869.634063
-1.768219,4,76921.69374
-1.768228,4,76973.729617
-1.768366,4,77022.7233
-1.768426,4,77072.585866
-1.76834,4,77121.331525
-1.768253,4,77173.797658
-0.439052,1,77186.83398
-1.768343,4,77240.028777
-1.768362,4,77290.529732
-1.768377,4,77342.802999
-1.768506,4,77395.447735
-1.768346,4,77448.611977
-1.768383,4,77501.875277
-1.768379,4,77552.979442
-1.768254,4,77604.526875
-1.768356,4,77657.038732
-1.768364,4,77708.859939
-1.76826,4,77761.941811
-1.768278,4,77813.576979
-1.768286,4,77863.939462
-1.768374,4,77916.89291
-1.768503,4,77974.909722
-1.768405,4,78028.288825
-1.768395,4,78081.903571
-1.777065,4,78118.994652
-1.768387,4,78171.066679
-1.768625,4,78223.538801
-1.768271,4,78275.862166
-1.76829,4,78327.484793
-1.768259,4,78378.322382
-1.768366,4,78429.218704
-1.768386,4,78479.781238
-1.768394,4,78532.408306
-1.768357,4,78584.118225
-1.768501,4,78636.337921
-0.43921,1,78649.142732
-1.768387,4,78700.552112
-1.768361,4,78752.757182
-1.768276,4,78803.612038
-0.439039,1,78817.957256
-1.768384,4,78870.17923
-1.768484,4,78922.39417
-1.768376,4,78974.378638
-1.768241,4,79027.286263
-1.768358,4,79079.533529
-1.768393,4,79131.290962
-1.768371,4,79182.694307
-0.439088,1,79195.96106
-1.768378,4,79247.871858
-1.768262,4,79299.888033
-1.768258,4,79350.953664
-1.768402,4,79402.11604
-1.768267,4,79453.573499
-1.769697,4,79503.253777
-1.770439,4,79553.2679
-1.779852,4,79590.371057
-1.771126,4,79642.982515
-1.771275,4,79693.778691
-1.771155,4,79747.946584
-1.771064,4,79799.830717
-1.771083,4,79852.002823
-1.771079,4,79903.802527
-1.771143,4,79955.079239
-1.771392,4,80005.654828
-1.779833,4,80043.630947
-1.771194,4,80095.17477
-1.771202,4,80148.046075
-1.771182,4,80201.474893
-1.771316,4,80253.850249
-0.439918,1,80266.919979
-1.771512,4,80320.258639
-1.771204,4,80379.354813
-1.771284,4,80432.811231
-1.771175,4,80485.052355
-1.771349,4,80537.50045
-1.771364,4,80588.651323
-1.771324,4,80641.525617
-1.77168,4,80693.20721
-1.771454,4,80747.485868
-1.771424,4,80800.338881
-1.771433,4,80852.299401
-1.771444,4,80903.50247
-1.77144,4,80955.595412
-1.77131,4,81009.546858
-1.771472,4,81059.794828
-1.771373,4,81112.464433
-1.77148,4,81164.56155
-1.771642,4,81216.982273
-1.771627,4,81269.408412
-1.771443,4,81323.478049
-1.771558,4,81375.909315
-1.771424,4,81429.894405
-1.771555,4,81483.628826
-1.771579,4,81536.811005
-1.771842,4,81588.510655
-1.772692,4,81641.246965
-1.773052,4,81694.062659
-1.772914,4,81748.048677
-1.77292,4,81801.588789
-1.773014,4,81853.98802
-1.773042,4,81904.77791
-1.773041,4,81956.780553
-1.773269,4,82010.20032
-1.773169,4,82062.922143
-1.781842,4,82101.33073
-1.773141,4,82155.409205
-1.773138,4,82206.97483
-0.440536,1,82218.976743
-1.773039,4,82270.586174
-1.773252,4,82324.051881
-1.773269,4,82375.88266
-1.773248,4,82429.034689
-1.773143,4,82479.908623
-1.773032,4,82530.407135
-1.773032,4,82582.71866
-1.77303,4,82635.333907
-1.773044,4,82686.2622
-1.773164,4,82739.298949
-1.773149,4,82791.42578
-1.773053,4,82844.580448
-1.773275,4,82897.942469
-1.773137,4,82949.280042
-1.773165,4,83000.689561
-1.773153,4,83052.003005
