#{"t_start": 1552509974.8279428, "env_id": "Baxter-v0"}
r,l,t
-7.379602,16,156.323213
-53.453858,101,342.30657
-50.209379,93,444.582222
-5.207531,13,543.237475
-4.279763,13,643.833136
-13.881286,32,852.341564
-16.02161,41,1108.843037
-5.14327,12,1215.29587
-0.519307,1,1228.827176
-10.254353,21,1382.26437
-0.575627,1,1393.999315
-8.635302,22,1542.624177
-8.058514,26,1699.237177
-13.676767,26,1868.412214
-5.429163,12,1972.918142
-4.43786,10,2066.228757
-8.590634,31,2264.708359
-17.81353,45,2518.031227
-15.012991,33,2710.522549
-7.2147,16,2838.405339
-12.331184,26,3019.473582
-3.726889,10,3105.376983
-4.999159,13,3194.571936
-18.267604,33,3422.662857
-20.453575,35,3606.417819
-9.160467,22,3752.732072
-5.752679,13,3849.628558
-15.759799,34,4045.09989
-13.183345,25,4228.454446
-15.465562,27,4411.169796
-4.092754,11,4495.192519
-4.518775,9,4573.453084
-8.714178,19,4703.91319
-3.460216,9,4785.494568
-3.470041,8,4864.04992
-0.444626,1,4874.950371
-0.480064,1,4882.968186
-6.263222,12,4981.243136
-4.413668,14,5086.43388
-9.897834,18,5204.83255
-4.414992,9,5285.827796
-0.558207,1,5297.497157
-12.949132,27,5459.557609
-0.644376,1,5471.874947
-15.706651,28,5647.361388
-7.796402,18,5770.749858
-5.162292,10,5852.012528
-6.568599,16,5959.645579
-3.442174,14,6069.357129
-10.745422,27,6226.120352
-6.062949,14,6319.934287
-6.906967,20,6453.006124
-3.228725,13,6548.082553
-0.086523,1,6561.621933
-5.105177,10,6639.465967
-7.526872,18,6755.87505
-11.612809,23,6904.463086
-9.923271,26,7062.435722
-0.375604,1,7073.74467
-52.378695,101,7193.170437
-11.501329,22,7323.438642
-5.52771,15,7423.747228
-5.650963,12,7511.646355
-15.052208,26,7635.586289
-14.27256,33,7822.954349
-67.073612,101,8000.022137
-14.603256,34,8191.359824
-5.817306,12,8282.175439
-10.148734,21,8406.738465
-0.382097,1,8417.341677
-6.688592,18,8531.640136
-10.895196,25,8678.934059
-10.184153,21,8803.784096
-6.544421,16,8905.834258
-55.443237,101,9014.319312
-6.760219,16,9123.561933
-17.677145,32,9307.078871
-4.591401,14,9400.473666
-0.251996,1,9411.745195
-7.290725,18,9523.321193
-14.92174,33,9706.339643
-12.018858,25,9856.221559
-7.519985,21,9988.400686
-10.672692,22,10127.937746
-8.121452,15,10236.776042
-0.568467,1,10249.535295
-7.312018,19,10371.455625
-5.832722,15,10472.595958
-10.502222,18,10598.513036
-16.257086,33,10806.218995
-2.808532,6,10868.465649
-4.590535,13,10965.545424
-4.784469,16,11083.445469
-4.271365,12,11175.806577
-7.393079,18,11298.861478
-7.054903,13,11397.771595
-12.606061,25,11559.70221
-5.878438,16,11670.90402
-6.629325,13,11775.010168
-9.054371,22,11920.463333
-0.539335,1,11931.561149
-3.472065,8,12005.953204
-0.451227,1,12019.901688
-0.44891,1,12034.71963
-4.568254,13,12139.632907
-12.696781,33,12333.453321
-6.176909,15,12435.087893
-0.421533,1,12446.315075
-9.891071,35,12650.357764
-0.226482,1,12661.283575
-17.776388,29,12836.748846
-5.224231,15,12944.238014
-5.580171,12,13030.912203
-3.327563,9,13100.489439
-8.299967,15,13200.15276
-5.02286,11,13285.554339
-3.94551,8,13353.620472
-6.139898,12,13441.262249
-7.350278,16,13550.689401
-8.337725,18,13655.062013
-8.76362,18,13770.566414
-6.679769,14,13871.550318
-2.978723,8,13945.197558
-0.386939,1,13954.578267
-0.34299,1,13961.415791
-4.664619,13,14060.185759
-3.747441,12,14149.99945
-11.146087,22,14289.72394
-2.267599,5,14333.137492
-5.307282,13,14428.09333
-3.407992,8,14501.328428
-0.386487,1,14513.61314
-12.547523,29,14682.560132
-4.366965,10,14756.104609
-3.890515,10,14833.319526
-4.58681,12,14925.609658
-4.210723,11,15007.469419
-2.985281,8,15069.897572
-0.35076,1,15080.928182
-6.191379,14,15191.555049
-0.388428,1,15205.596868
-4.982717,14,15310.774784
-4.812971,17,15427.391446
-6.461892,15,15536.702243
-2.814281,8,15606.42571
-11.078621,26,15766.887787
-5.353244,12,15868.491413
-0.470817,1,15879.873451
-3.841473,10,15971.323062
-7.126301,16,16103.351676
-5.78035,14,16203.946131
-0.317323,1,16214.086454
-0.351592,1,16222.320344
-1.732568,4,16276.54622
-8.514764,19,16401.642322
-0.428047,1,16411.138362
-0.433972,1,16419.305777
-5.115496,10,16493.643389
-5.737462,16,16606.546021
-6.359492,19,16731.240525
-2.07443,5,16783.691171
-2.871586,6,16852.978865
-2.610502,7,16928.449054
-4.362458,13,17030.365006
-2.07449,5,17075.623544
-2.263613,6,17138.840957
-4.860708,12,17237.8537
-2.998617,8,17315.350262
-3.330753,7,17384.628112
-3.265533,8,17462.412461
-2.673374,7,17540.702957
-2.692569,8,17618.625594
-39.81961,90,17842.812732
-5.302883,11,17941.95155
-2.012112,5,18002.397245
-8.694119,19,18156.492573
-2.58907,6,18221.528559
-0.420626,1,18235.764009
-2.751207,7,18305.414779
-1.73249,4,18359.33702
-7.757071,17,18483.840237
-6.799864,19,18619.900982
-2.837479,9,18699.565813
-1.742902,4,18761.031289
-1.743006,4,18820.385687
-29.593409,55,19149.005183
-1.743003,4,19209.19894
-0.433471,1,19222.565123
-2.379356,6,19290.247868
-2.102283,5,19357.088485
-1.742699,4,19412.732276
-4.255196,11,19503.858648
-4.282745,12,19605.741013
-1.742912,4,19660.888901
-2.310275,5,19721.321714
-2.33239,6,19788.458697
-1.742807,4,19842.733171
-1.742913,4,19896.008406
-2.087643,5,19954.428564
-3.100391,7,20021.185955
-2.004451,5,20079.769089
-1.742908,4,20133.155291
-3.112364,8,20208.659118
-2.771644,6,20272.685376
-2.551537,6,20336.67658
-1.742802,4,20390.896505
-2.437986,6,20444.339185
-1.742924,4,20498.206187
-2.472276,6,20561.107133
-3.348585,9,20638.453823
-1.742928,4,20693.973461
-1.743028,4,20748.437817
-1.742915,4,20801.100056
-3.538179,10,20887.728259
-2.755151,7,20955.696496
-2.422714,5,21013.967876
-0.431108,1,21025.057877
-1.743137,4,21078.263572
-1.742924,4,21131.476222
-1.74281,4,21186.773759
-1.742699,4,21242.757571
-2.328473,6,21306.345803
-2.259979,5,21366.036935
-1.743041,4,21419.107814
-1.742927,4,21471.330775
-3.261977,8,21547.344719
-1.742825,4,21600.724337
-1.742815,4,21652.980282
-2.460619,6,21719.354238
-2.087403,5,21777.693867
-10.057305,20,21895.871749
-1.742931,4,21949.522679
-2.053354,5,22006.734272
-2.05323,5,22070.771432
-1.742822,4,22129.265043
-1.742824,4,22181.461478
-0.406116,1,22193.059284
-2.025668,5,22251.309025
-2.311018,6,22312.593118
-2.025557,5,22369.573733
-1.742947,4,22423.936253
-2.025557,5,22480.777507
-2.226554,5,22535.96514
-2.053094,5,22593.352995
-2.298775,5,22650.917789
-1.742943,4,22700.638481
-2.034867,5,22741.441318
-1.742814,4,22791.2718
-1.742932,4,22841.593804
-1.742929,4,22894.429444
-2.053228,5,22950.718327
-2.102605,5,23009.561623
-1.743046,4,23064.349169
-1.742821,4,23124.323483
-2.05336,5,23185.35124
-1.742828,4,23236.228228
-2.260275,5,23293.28452
-1.742925,4,23345.226411
-3.998968,10,23427.382913
-1.742841,4,23480.926838
-1.742942,4,23532.399813
-2.025796,5,23590.037843
-2.126566,5,23649.54115
-2.260278,5,23706.563818
-1.742942,4,23756.671359
-1.74304,4,23805.922426
-1.742732,4,23856.793742
-2.126709,5,23913.994582
-2.087954,5,23974.888482
-2.053233,5,24037.277202
-5.114032,12,24129.575209
-1.742953,4,24180.54968
-1.742947,4,24231.517135
-1.742846,4,24284.967623
-1.742946,4,24337.423524
-1.743055,4,24390.897533
-1.742852,4,24444.137678
-0.433364,1,24457.243906
-1.742969,4,24511.532061
-2.087435,5,24569.819889
-1.743057,4,24623.387306
-1.742952,4,24676.167188
-0.433232,1,24689.056672
-2.341424,5,24747.404785
-1.742946,4,24800.521556
-2.126879,5,24860.562946
-2.087699,5,24916.679807
-1.74296,4,24970.525202
-1.742962,4,25024.485151
-0.433265,1,25036.917449
-1.742851,4,25088.995711
-1.742861,4,25143.059277
-1.743283,4,25195.204156
-1.743066,4,25246.772585
-1.743577,4,25299.485938
-2.122616,5,25341.899544
-1.742969,4,25392.472998
-1.742849,4,25444.178315
-1.742862,4,25494.312923
-0.433024,1,25507.749239
-1.743067,4,25561.887875
-1.742969,4,25616.62248
-0.433355,1,25630.091343
-0.435592,1,25645.442326
-0.450909,1,25660.52469
-1.742957,4,25712.565147
-2.025478,5,25768.693215
-1.742972,4,25821.333239
-1.742969,4,25873.341464
-2.111473,5,25932.385785
-0.40883,1,25945.148897
-1.742969,4,25997.95718
-1.742868,4,26052.540611
-0.433419,1,26067.489556
-1.742975,4,26123.088601
-1.742967,4,26180.576122
-0.43327,1,26195.270702
-2.099409,5,26261.193162
-2.260317,5,26327.687359
-1.742966,4,26381.961384
-1.742971,4,26434.391184
-1.742871,4,26487.477484
-1.743079,4,26540.509453
-1.742969,4,26592.323938
-0.433398,1,26605.952023
-0.435467,1,26620.794366
-1.742975,4,26672.634297
-0.433371,1,26685.780379
-2.838027,6,26751.818136
-1.743086,4,26803.865407
-2.111634,5,26861.089951
-0.408759,1,26873.962677
-2.025637,5,26930.443044
-1.742984,4,26982.337129
-0.433437,1,26995.309728
-1.742977,4,27047.212728
-1.74287,4,27100.569008
-1.742863,4,27154.144016
-1.742987,4,27207.353188
-1.742987,4,27259.672287
-0.433247,1,27272.479936
-1.742994,4,27325.788705
-1.742757,4,27379.121479
-1.742877,4,27430.817996
-1.743093,4,27483.995992
-1.742873,4,27537.800186
-1.743089,4,27591.690314
-0.433038,1,27605.166063
-2.111501,5,27662.854845
-1.742978,4,27715.713626
-1.742988,4,27767.9029
-1.74309,4,27821.389874
-0.433146,1,27834.405063
-1.7434,4,27886.951135
-1.743091,4,27939.925979
-2.260354,5,27998.105437
-1.742999,4,28049.059137
-1.742982,4,28101.028767
-1.742873,4,28152.693875
-0.433065,1,28166.327102
-0.435083,1,28180.485297
-1.743091,4,28231.825158
-0.459764,1,28243.243244
-2.341461,5,28301.867787
-1.74299,4,28353.462916
-1.742977,4,28405.958259
-1.74299,4,28459.973821
-1.742976,4,28512.218271
-1.742877,4,28564.426015
-1.743091,4,28616.378223
-1.743091,4,28671.538231
-1.742873,4,28726.259988
-1.742884,4,28783.7906
-1.743094,4,28836.551821
-1.742994,4,28888.779505
-1.743096,4,28941.385154
-1.742892,4,28994.315525
-1.742885,4,29048.236507
-1.743206,4,29104.601542
-2.364931,5,29160.998606
-1.742975,4,29214.866732
-2.422954,5,29272.411987
-1.74311,4,29326.506836
-0.43328,1,29339.643036
-1.742888,4,29393.499996
-1.743009,4,29445.650913
-1.742901,4,29497.185555
-1.743094,4,29550.245659
-1.742996,4,29601.648402
-1.743006,4,29653.288628
-1.743007,4,29707.121366
-1.742888,4,29760.92499
-1.7429,4,29813.746463
-1.742993,4,29866.54721
-0.433051,1,29880.091746
-1.743007,4,29932.170607
-0.433267,1,29944.838276
-0.435343,1,29959.013445
-0.451426,1,29972.95569
-1.74311,4,30023.132899
-1.743001,4,30075.554088
-1.743113,4,30125.924766
-1.743008,4,30175.051072
-1.743002,4,30224.626036
-2.126924,5,30281.724656
-1.750959,4,30319.829169
-1.742907,4,30373.553712
-1.742887,4,30426.470179
-1.743324,4,30482.605741
-1.742791,4,30536.105276
-1.742909,4,30589.227572
-1.742894,4,30640.696216
-1.743013,4,30691.410007
-1.743111,4,30742.258971
-1.743118,4,30792.063226
-1.743015,4,30845.362545
-2.111545,5,30902.64311
-1.742999,4,30954.685796
-1.743114,4,31005.614755
-1.742787,4,31058.057606
-1.743003,4,31111.793375
-1.74301,4,31163.473097
-1.743015,4,31211.779836
-1.742899,4,31262.638018
-0.43333,1,31275.609866
-1.743016,4,31327.643746
-1.742896,4,31377.217576
-0.433358,1,31390.439874
-1.743121,4,31447.968542
-1.743015,4,31499.414262
-1.742904,4,31551.539313
-0.433289,1,31564.376016
-1.743019,4,31615.297054
-1.751979,4,31653.123817
-1.743428,4,31705.077861
-2.087771,5,31762.888104
-1.74292,4,31813.02135
-1.743016,4,31864.2381
-1.743016,4,31914.582713
-1.743019,4,31963.869397
-1.742908,4,32014.339066
-0.433403,1,32026.943621
-1.743025,4,32079.294651
-1.743027,4,32129.601475
-2.004563,5,32184.766636
-1.742911,4,32234.76887
-1.743014,4,32284.781187
-0.433363,1,32296.929914
-1.743022,4,32348.560345
-2.025663,5,32402.977608
-1.743137,4,32453.336709
-2.260109,5,32508.247008
-1.742807,4,32565.685209
-0.433463,1,32578.96557
-1.743023,4,32630.139307
-1.742916,4,32683.424549
-1.742925,4,32738.824511
-1.743335,4,32796.694703
-1.743239,4,32848.969625
-1.74304,4,32904.481533
-0.433498,1,32917.536452
-1.743134,4,32971.47023
-1.743031,4,33027.932404
-1.742918,4,33086.094057
-1.743035,4,33140.787982
-1.742919,4,33195.578083
-1.743133,4,33247.977755
-1.74304,4,33302.840322
-2.025776,5,33360.499396
-1.743035,4,33412.234676
-1.743143,4,33462.21927
-1.742929,4,33515.951356
-1.743046,4,33570.962815
-1.74292,4,33630.135649
-0.433049,1,33643.886162
-1.74303,4,33697.120202
-1.743046,4,33750.137285
-1.743147,4,33801.612365
-0.43343,1,33814.963326
-1.742923,4,33869.505512
-1.743037,4,33922.753179
-1.743049,4,33975.937473
-0.433311,1,33989.003231
-1.742941,4,34040.018942
-1.742937,4,34091.611308
-1.742931,4,34143.430287
-1.743151,4,34197.927301
-1.751918,4,34235.93563
-1.742939,4,34287.447687
-1.743356,4,34344.867583
-2.099253,5,34412.58813
-1.743157,4,34470.078194
-2.841345,6,34540.458942
-1.743156,4,34597.840106
-0.433372,1,34611.514786
-0.43536,1,34625.060297
-1.74305,4,34678.77309
-1.743157,4,34731.991741
-1.742936,4,34784.3074
-0.433323,1,34798.046551
-1.743048,4,34850.413459
-1.743156,4,34903.053146
-1.742945,4,34954.227744
-1.743046,4,35008.161844
-1.742948,4,35062.795332
-1.743152,4,35117.295524
-1.743048,4,35169.809141
-1.743052,4,35227.347984
-2.260266,5,35286.607299
-2.2604,5,35348.677595
-1.743041,4,35401.265115
-1.743053,4,35454.185077
-0.433332,1,35467.528921
-1.743163,4,35519.255565
-1.743059,4,35577.524002
-1.743152,4,35629.43766
-0.433261,1,35642.985284
-1.743052,4,35698.644918
-1.743059,4,35754.122297
-1.743064,4,35814.618695
-1.743051,4,35880.357021
-1.743154,4,35941.554534
-1.743062,4,36000.216626
-1.743056,4,36058.096502
-1.742948,4,36115.624486
-1.743373,4,36172.686895
-1.743056,4,36224.153992
-0.434104,1,36237.258952
-1.74316,4,36289.146308
-1.743053,4,36342.112223
-1.743059,4,36398.083268
-0.433308,1,36412.204491
-0.435621,1,36427.823503
-0.452209,1,36443.402449
-1.743061,4,36495.491553
-1.743059,4,36547.758792
-1.742954,4,36600.465515
-1.743171,4,36651.338696
-0.433227,1,36664.373859
-1.743066,4,36715.574321
-0.432922,1,36729.357618
-1.743053,4,36781.215741
-1.742956,4,36836.958104
-1.742953,4,36892.616532
-1.743065,4,36946.350887
-1.742956,4,36996.945013
-1.751975,4,37035.325522
-1.743179,4,37086.727165
-0.433315,1,37098.451518
-1.743064,4,37149.693418
-1.743058,4,37204.700393
-0.432983,1,37216.879205
-0.43503,1,37230.93524
-1.742962,4,37283.369457
-1.743283,4,37335.731768
-1.743073,4,37387.328214
-2.310332,5,37443.991786
-0.476138,1,37456.834798
-1.742974,4,37508.149329
-1.742967,4,37559.1765
-1.74308,4,37612.365509
-1.742968,4,37669.359314
-1.74297,4,37725.673537
-1.742976,4,37777.609132
-1.743286,4,37828.063562
-1.74297,4,37878.720389
-1.742857,4,37932.746578
-1.743395,4,37986.869785
-1.742969,4,38039.591249
-1.742963,4,38091.935616
-1.742858,4,38142.239535
-1.742968,4,38195.071738
-1.743193,4,38247.937164
-1.742974,4,38305.258579
-0.43327,1,38317.147994
-0.435507,1,38331.510297
-1.742965,4,38382.893734
-1.743181,4,38434.641456
-1.743092,4,38487.505232
-1.742968,4,38537.900713
-1.743179,4,38590.814177
-1.743183,4,38642.829887
-1.743086,4,38692.822475
-1.752086,4,38730.186643
-1.743084,4,38787.92201
-1.743081,4,38846.567259
-1.743091,4,38901.491135
-1.742975,4,38954.919148
-1.742875,4,39010.394605
-1.742973,4,39060.657192
-1.742966,4,39112.606055
-1.742978,4,39165.493589
-0.433307,1,39178.283437
-0.435338,1,39192.029219
-0.450435,1,39206.333516
-1.743079,4,39259.289116
-1.743087,4,39310.488664
-1.742981,4,39361.96505
-1.742973,4,39414.859087
-1.742972,4,39466.123053
-1.743193,4,39517.280976
-1.742982,4,39573.526004
-0.433399,1,39587.357804
-1.743079,4,39644.953635
-1.743084,4,39698.291885
-1.743079,4,39753.034266
-1.742968,4,39803.915373
-0.433224,1,39816.97668
-1.743288,4,39869.828665
-1.742868,4,39919.718707
-0.433216,1,39932.42423
-0.435315,1,39945.834277
-1.743069,4,39996.563906
-1.743082,4,40048.514923
-1.743184,4,40101.364955
-1.742979,4,40155.994904
-1.74297,4,40215.750779
-1.743075,4,40270.379206
-1.743083,4,40324.576201
-1.742963,4,40381.256937
-1.74308,4,40436.054362
-1.742968,4,40490.887682
-0.433206,1,40505.458388
-1.743081,4,40557.897105
-1.743173,4,40609.293965
-1.742967,4,40660.637166
-1.743191,4,40712.651592
-0.43339,1,40726.599255
-1.743073,4,40780.807562
-0.43319,1,40794.34547
-1.742974,4,40847.368756
-1.742967,4,40899.29354
-1.742984,4,40955.499057
-1.742975,4,41008.433008
-1.742855,4,41062.488534
-1.742974,4,41124.533369
-1.742858,4,41182.049083
-1.743392,4,41239.804506
-1.743068,4,41292.00441
-1.743075,4,41343.028964
-1.742964,4,41394.481298
-1.743292,4,41448.616363
-1.743075,4,41503.048963
-1.743083,4,41558.493222
-1.74297,4,41613.061075
-0.43328,1,41626.03641
-1.743198,4,41680.044387
-1.742967,4,41731.645817
-1.743067,4,41786.898652
-1.743175,4,41839.56773
-1.742966,4,41893.046942
-1.743072,4,41944.631072
-1.742973,4,41999.310022
-1.743083,4,42051.907771
-1.743083,4,42105.158722
-1.743083,4,42159.661883
-1.743191,4,42214.673433
-1.743104,4,42269.294813
-1.743092,4,42319.845689
-1.742871,4,42373.1081
-1.743086,4,42425.898417
-1.743198,4,42477.37371
-1.743101,4,42529.008276
-1.743201,4,42580.777685
-1.74329,4,42634.960938
-0.433464,1,42648.16266
-1.743084,4,42699.558832
-1.752089,4,42736.484034
-1.743198,4,42787.149788
-0.433205,1,42799.845506
-1.742981,4,42856.601186
-1.74309,4,42911.681148
-0.433164,1,42926.596475
-1.743083,4,42983.663014
-1.743109,4,43036.39808
-0.43328,1,43049.526159
-1.743301,4,43103.089135
-1.742992,4,43156.89832
-0.433318,1,43169.673134
-1.743205,4,43221.088202
-0.433076,1,43233.882777
-1.743088,4,43285.953383
-1.743098,4,43338.708214
-1.743306,4,43391.705173
-1.742993,4,43445.985154
-1.743086,4,43501.767755
-1.742988,4,43556.541303
-1.742991,4,43608.546162
-1.742992,4,43661.504546
-1.751828,4,43700.614674
-1.743102,4,43754.399188
-0.433206,1,43767.648203
-1.743215,4,43824.409937
-1.743103,4,43878.150558
-1.743095,4,43932.790876
-1.743205,4,43986.250478
-1.743311,4,44040.710356
-1.743104,4,44096.055751
-1.742991,4,44156.701767
-1.743097,4,44211.456711
-1.742993,4,44267.400884
-1.742993,4,44322.154499
-1.743206,4,44374.977643
-1.742991,4,44428.018541
-1.742992,4,44479.581713
-1.742998,4,44531.089083
-1.743519,4,44583.710623
-1.743093,4,44636.372153
-1.742998,4,44690.654962
-1.7431,4,44744.713132
-1.742991,4,44799.218158
-1.743202,4,44854.583318
-1.743211,4,44909.543592
-1.75209,4,44948.393662
-1.743204,4,45002.273694
-1.743007,4,45056.508009
-1.743106,4,45108.2475
-1.752081,4,45148.351545
-1.743205,4,45204.055251
-1.743113,4,45260.200086
-1.74321,4,45313.702911
-1.743001,4,45367.897868
-1.743096,4,45427.243061
-0.43321,1,45441.044589
-1.743116,4,45501.506579
-1.743106,4,45560.964423
-1.743209,4,45619.11779
-1.743008,4,45671.892067
-1.743007,4,45727.314394
-1.743105,4,45781.378569
-1.742999,4,45836.527029
-1.743102,4,45894.865987
-1.743216,4,45957.067645
-1.743114,4,46014.932251
-1.743112,4,46071.095251
-1.743113,4,46127.630075
-0.433441,1,46140.862005
-1.743001,4,46196.402236
-1.752093,4,46237.129638
-1.743017,4,46297.750293
-2.422996,5,46362.055897
-1.743103,4,46416.059401
-0.43338,1,46430.023296
-1.74312,4,46484.261166
-1.743126,4,46537.334347
-1.743122,4,46591.732358
-1.743331,4,46647.129117
-1.743023,4,46700.695377
-1.74322,4,46754.827713
-0.433283,1,46768.898151
-0.435757,1,46784.099404
-1.743127,4,46839.294024
-1.743228,4,46893.702659
-2.025665,5,46954.230442
-1.743112,4,47009.566259
-1.743016,4,47065.052755
-1.74311,4,47119.282328
-1.743226,4,47174.684884
-1.743243,4,47232.641865
-1.743129,4,47292.498661
-1.74301,4,47348.838947
-1.743012,4,47400.641722
-1.743231,4,47455.842631
-1.743432,4,47509.184597
-1.743135,4,47566.888601
-1.743024,4,47621.08714
-1.743023,4,47677.476482
-1.743126,4,47731.194874
-0.43338,1,47744.829157
-1.743129,4,47801.772615
-1.74324,4,47855.017347
-1.743015,4,47909.488073
-1.743017,4,47965.84076
-1.743021,4,48020.468311
-0.43336,1,48033.62498
-1.743124,4,48085.880712
-0.433286,1,48099.496349
-1.743131,4,48157.531253
-1.74303,4,48213.585796
-1.743114,4,48269.285568
-1.743034,4,48323.716569
-1.743245,4,48377.56195
-1.743138,4,48430.941554
-1.743247,4,48488.423289
-1.752029,4,48529.404399
-0.438575,1,48543.576912
-1.743352,4,48599.557654
-1.743251,4,48654.033727
-0.433455,1,48667.036784
-1.743245,4,48720.205238
-1.74304,4,48773.630132
-1.743137,4,48825.667581
-1.752105,4,48864.746975
-1.743156,4,48920.899748
-1.743137,4,48976.160934
-2.025691,5,49033.905382
-1.743152,4,49086.660959
-1.742931,4,49140.273331
-1.743354,4,49197.453299
-1.752049,4,49238.272231
-1.743135,4,49291.921164
-0.433423,1,49305.098877
-0.435306,1,49320.066464
-1.743146,4,49375.020932
-1.743254,4,49437.408834
-0.433373,1,49451.635157
-1.743033,4,49511.524271
-1.743254,4,49566.413853
-1.743144,4,49620.502882
-1.74315,4,49678.495936
-1.743155,4,49734.605193
-1.743048,4,49791.387044
-1.743252,4,49847.280704
-1.743051,4,49903.131075
-0.433714,1,49916.333009
-0.435846,1,49931.728379
-1.74326,4,49987.351969
-2.087933,5,50047.409801
-1.74315,4,50102.10115
-1.74305,4,50154.901706
-1.743044,4,50207.594865
-1.743156,4,50265.253421
-1.743039,4,50319.759154
-1.743149,4,50377.860222
-1.743258,4,50434.359396
-1.743154,4,50489.636903
-1.743035,4,50548.218867
-0.43328,1,50561.158841
-1.743258,4,50618.815333
-1.743041,4,50673.429529
-0.433293,1,50687.268111
-1.743265,4,50740.917291
-2.004732,5,50799.608515
-1.743056,4,50856.242774
-1.743048,4,50912.668689
-1.743053,4,50969.174007
-0.433218,1,50982.918463
-1.743164,4,51042.445743
-0.433349,1,51056.923226
-1.743049,4,51115.214585
-1.743163,4,51176.228565
-1.752074,4,51216.108643
-1.743271,4,51273.423781
-1.743161,4,51337.202394
-1.74338,4,51397.521537
-1.743265,4,51455.901644
-1.743164,4,51515.198648
-1.743164,4,51571.486167
-1.743068,4,51629.827677
-1.743158,4,51687.185725
-2.34168,5,51749.859971
-1.743578,4,51806.939435
-1.743176,4,51865.509252
-0.433404,1,51879.09957
-1.743166,4,51935.802627
-1.743163,4,51991.753354
-1.743056,4,52048.175932
-1.743174,4,52103.244961
-1.743057,4,52158.289234
-1.743063,4,52213.949064
-1.743281,4,52270.384751
-1.743075,4,52331.140202
-1.743062,4,52390.530781
-1.743175,4,52449.193375
-1.743071,4,52508.849801
-1.742959,4,52567.12724
-1.743183,4,52624.520193
-0.433479,1,52637.434698
-1.743177,4,52693.597782
-1.743161,4,52748.341813
-0.433472,1,52760.922848
-1.743069,4,52815.834212
-1.74318,4,52870.87206
-1.74328,4,52925.471241
-1.743055,4,52980.219614
-1.743167,4,53034.166666
-1.743058,4,53089.011524
-1.743503,4,53146.30674
-1.74318,4,53204.089153
-1.743169,4,53260.650805
-1.743276,4,53319.556082
-1.743282,4,53377.737359
-0.433271,1,53392.054401
-1.743176,4,53447.179881
-0.433183,1,53460.359699
-1.743168,4,53515.313335
-1.743064,4,53575.317872
-1.743169,4,53633.172051
-1.743054,4,53693.301692
-1.743155,4,53751.132659
-1.743286,4,53805.748105
-1.743281,4,53861.447542
-1.743055,4,53918.364083
-0.433087,1,53932.957175
-1.743066,4,53994.887428
-0.43319,1,54009.902444
-1.743276,4,54069.563631
-2.087976,5,54137.871709
-1.743394,4,54203.360328
-1.752239,4,54246.098636
-1.743495,4,54301.859451
-1.743192,4,54357.855784
-1.743072,4,54412.571455
-1.743289,4,54468.027439
-1.743084,4,54521.803599
-1.743619,4,54577.495687
-1.743298,4,54636.439623
-1.743282,4,54693.17065
-1.743286,4,54747.66503
-1.743087,4,54803.440131
-1.743194,4,54856.785679
-1.742982,4,54922.128743
-0.433352,1,54939.702104
-1.743195,4,55004.886893
-1.743404,4,55064.529811
-0.433572,1,55079.165186
-1.743203,4,55136.570489
-1.743086,4,55193.770351
-0.433319,1,55207.964789
-1.743082,4,55267.518202
-1.743085,4,55328.786306
-1.743203,4,55390.105957
-0.433351,1,55404.449163
-0.435168,1,55421.070008
-0.452907,1,55437.330791
-1.743196,4,55496.566944
-1.74321,4,55559.976086
-1.743195,4,55623.624588
-1.743306,4,55682.601174
-1.74319,4,55741.178633
-1.743314,4,55802.087661
-1.742985,4,55861.100469
-1.743086,4,55919.70515
-0.433268,1,55932.968654
-1.74309,4,55993.888321
-1.74308,4,56051.501558
-1.74321,4,56110.257448
-0.433382,1,56125.277664
-1.743209,4,56192.675473
-1.7431,4,56259.752144
-1.74321,4,56328.798369
-1.743318,4,56391.212695
-1.743215,4,56456.857664
-0.433307,1,56473.304641
-1.743317,4,56535.314005
-0.433093,1,56549.197901
-1.743102,4,56613.03935
-0.433345,1,56628.943432
-0.435428,1,56647.433683
-1.743428,4,56715.278304
-1.743212,4,56775.317553
-1.743207,4,56834.704768
-1.74309,4,56899.987129
-0.433192,1,56915.483794
-0.435467,1,56932.761464
-1.743316,4,56995.595973
-0.433514,1,57011.586359
-0.435499,1,57029.253234
-1.743103,4,57093.28369
-1.743114,4,57154.056604
-1.743214,4,57215.946028
-1.743422,4,57276.064664
-1.743217,4,57339.028273
-1.751987,4,57385.930316
-1.743312,4,57443.891298
-1.743116,4,57499.005859
-1.743213,4,57556.117323
-1.743111,4,57615.739514
-1.743531,4,57680.275789
-2.111937,5,57749.31544
-1.743315,4,57811.316451
-0.433372,1,57827.20519
-1.743212,4,57891.950302
-1.743119,4,57953.6694
-1.743112,4,58017.146285
-1.743225,4,58079.755251
-1.743103,4,58140.130437
-1.743319,4,58197.262866
-1.743313,4,58259.00265
-1.743104,4,58317.746508
-1.742999,4,58377.861836
-1.743001,4,58435.709195
-1.743114,4,58496.411086
-1.752152,4,58543.385755
-1.743224,4,58603.782626
-0.433474,1,58618.296121
-1.743332,4,58672.368274
-1.74311,4,58727.328262
-1.752064,4,58767.316419
-0.438781,1,58783.514113
-1.743107,4,58846.071496
-1.74321,4,58904.242992
-1.743316,4,58963.543108
-1.743318,4,59028.0821
-1.743226,4,59085.755932
-1.743107,4,59146.816222
-1.743213,4,59205.908142
-1.743109,4,59261.334524
-1.743322,4,59314.925661
-1.743321,4,59370.993125
-0.433282,1,59384.226122
-1.743113,4,59438.722987
-1.743123,4,59493.286126
-1.743119,4,59548.194442
-1.743127,4,59608.164035
-1.743223,4,59666.967587
-1.743347,4,59724.58631
-0.433341,1,59739.702957
-1.743227,4,59798.764674
-0.433217,1,59812.298404
-1.743223,4,59867.119089
-1.743114,4,59923.382019
-1.743224,4,59986.099462
-1.743349,4,60042.567983
-1.743339,4,60097.896636
-1.74333,4,60158.540367
-1.743236,4,60218.024192
-1.743133,4,60279.23141
-1.743344,4,60336.409262
-1.743017,4,60392.255289
-1.743332,4,60447.857694
-1.743139,4,60503.570191
-1.743131,4,60562.587578
-1.743254,4,60624.571087
-1.743138,4,60682.101333
-1.743343,4,60739.817177
-1.743247,4,60798.31299
-1.743126,4,60854.760565
-1.743131,4,60910.32447
-1.743232,4,60965.324226
-1.743236,4,61022.337457
-0.433296,1,61036.492356
-1.74335,4,61093.485217
-1.743351,4,61150.300391
-1.743229,4,61206.563708
-1.74314,4,61265.562771
-0.433362,1,61282.419563
-1.74335,4,61343.631446
-1.743128,4,61399.749941
-1.743349,4,61461.384968
-1.743227,4,61519.023875
-1.743349,4,61581.406204
-1.743348,4,61642.869249
-1.743248,4,61707.907822
-1.743248,4,61769.21932
-1.743243,4,61828.023021
-1.743148,4,61883.35844
-1.743248,4,61940.863759
-1.743251,4,61998.386945
-1.743249,4,62053.324371
-1.743141,4,62115.473184
-1.743359,4,62183.511094
-1.743255,4,62250.848687
-0.43307,1,62267.684338
-1.743244,4,62332.601534
-1.743252,4,62396.233003
-1.743143,4,62463.811463
-1.743241,4,62529.766574
-1.752381,4,62578.931468
-1.74313,4,62646.483737
-1.743358,4,62709.983032
-1.743142,4,62773.553184
-1.74326,4,62839.301149
-1.743049,4,62904.552086
-1.743362,4,62972.524234
-1.743265,4,63042.757339
-1.743252,4,63109.905383
-0.433389,1,63126.038841
-1.743477,4,63194.129485
-1.743258,4,63262.860886
-0.433495,1,63279.364598
-1.743152,4,63345.782945
-1.75214,4,63392.884079
-1.743261,4,63456.919871
-1.74316,4,63521.108316
-1.743154,4,63589.949109
-1.743367,4,63658.267145
-1.74337,4,63725.881652
-1.743155,4,63790.861475
-0.433344,1,63807.472226
-1.743265,4,63873.983694
-1.743139,4,63940.681398
-1.743371,4,64006.775641
-1.743264,4,64074.138818
-1.743368,4,64141.422065
-1.743143,4,64206.113561
-2.299158,5,64278.855306
-1.743385,4,64346.78971
-1.743153,4,64411.238156
-1.743266,4,64474.349103
-1.743262,4,64541.205483
-1.743269,4,64610.351304
-1.743374,4,64676.757867
-0.43341,1,64693.793137
-0.435426,1,64712.960788
-1.743167,4,64779.327216
-0.433237,1,64796.07218
-1.743379,4,64861.197171
-1.752208,4,64908.909469
-1.743164,4,64973.337448
-1.743282,4,65036.55026
-1.743273,4,65098.739125
-1.743268,4,65162.012031
-1.743388,4,65229.668182
-1.743387,4,65296.520574
-1.743277,4,65364.209023
-1.743268,4,65428.643119
-1.743156,4,65494.776058
-1.743046,4,65559.026025
-0.432902,1,65574.783245
-1.743265,4,65640.98581
-1.743278,4,65709.32283
-1.743269,4,65796.137809
-1.743166,4,65868.981238
-1.743166,4,65938.2903
-1.743483,4,66008.399482
-1.743385,4,66074.939785
-1.743289,4,66139.278346
-1.743168,4,66208.591156
-1.743174,4,66278.134288
-1.743263,4,66341.079752
-1.743264,4,66404.785183
-1.743174,4,66467.92378
-0.433026,1,66483.58512
-1.751829,4,66527.610522
-1.752657,4,66575.942626
-1.743279,4,66641.633523
-0.433484,1,66656.767682
-0.435538,1,66674.065969
-0.451477,1,66691.077407
-1.7435,4,66756.319154
-1.743282,4,66818.791819
-1.74327,4,66882.001242
-1.743276,4,66944.48025
-1.743168,4,67007.088507
-1.743172,4,67067.969488
-1.743382,4,67129.084639
-1.743184,4,67194.831113
-1.743171,4,67257.118851
-1.743281,4,67317.661949
-1.743602,4,67380.661368
-1.743173,4,67444.15274
-1.743285,4,67505.744385
-1.743183,4,67566.217751
-1.743385,4,67631.904768
-1.743183,4,67690.83225
-0.433343,1,67705.026377
-1.75199,4,67748.707265
-1.743389,4,67810.362963
-0.433439,1,67826.310025
-1.743185,4,67891.537448
-1.743176,4,67952.345114
-1.743286,4,68012.556039
-1.743279,4,68071.579193
-1.743404,4,68130.645578
-1.743293,4,68191.3654
-1.743402,4,68249.576359
-1.743396,4,68308.178199
-1.743189,4,68369.326661
-1.7434,4,68430.595705
-1.743293,4,68489.813122
-1.743278,4,68551.109527
-0.433427,1,68565.795757
-1.743296,4,68624.992767
-1.743303,4,68687.533281
-0.43364,1,68702.428444
-0.435811,1,68717.536055
-1.743186,4,68777.533486
-1.752189,4,68819.311413
-1.743294,4,68878.780034
-0.433418,1,68892.795192
-1.743298,4,68955.527039
-1.743288,4,69014.389462
-0.433503,1,69029.236884
-1.743296,4,69086.964982
-1.743189,4,69144.918978
-1.743294,4,69202.364623
-1.743309,4,69254.801134
-1.743191,4,69302.879032
-0.433436,1,69314.088511
